username,post_code,post_url,post_date,comment,is_reply
this_abbie,Da9O6GeRvj7,https://www.instagram.com/p/Da9O6GeRvj7/,2026-07-19,"Coach",false
kamitrushaw,Da9O6GeRvj7,https://www.instagram.com/p/Da9O6GeRvj7/,2026-07-19,"COACH",false
green_fingered_jim,Da9O6GeRvj7,https://www.instagram.com/p/Da9O6GeRvj7/,2026-07-19,"Coach",false
real.fitness.results,Da9O6GeRvj7,https://www.instagram.com/p/Da9O6GeRvj7/,2026-07-19,"Coach",false
exzokus,Da4CqFbRQfl,https://www.instagram.com/p/Da4CqFbRQfl/,2026-07-17,"Coach very interesting",false
amheld78,Da4CqFbRQfl,https://www.instagram.com/p/Da4CqFbRQfl/,2026-07-17,"Coach",false
flat_tack_farm,Da4CqFbRQfl,https://www.instagram.com/p/Da4CqFbRQfl/,2026-07-17,"Coach",false
farmoremerry,Da4CqFbRQfl,https://www.instagram.com/p/Da4CqFbRQfl/,2026-07-17,"Coach",false
alexihino,Da4CqFbRQfl,https://www.instagram.com/p/Da4CqFbRQfl/,2026-07-17,"Coach",false
biohof_gschwendt,Da4CqFbRQfl,https://www.instagram.com/p/Da4CqFbRQfl/,2026-07-17,"coach",false
macsmart3,Da4CqFbRQfl,https://www.instagram.com/p/Da4CqFbRQfl/,2026-07-17,"Coach",false
agbai_abigail,Da4CqFbRQfl,https://www.instagram.com/p/Da4CqFbRQfl/,2026-07-17,"Coach",false
sauerwei,Da4CqFbRQfl,https://www.instagram.com/p/Da4CqFbRQfl/,2026-07-17,"Coach",false
southgorillaarmy,Da4CqFbRQfl,https://www.instagram.com/p/Da4CqFbRQfl/,2026-07-17,"Coach",false
dr.scientist_official,Da4CqFbRQfl,https://www.instagram.com/p/Da4CqFbRQfl/,2026-07-17,"Coach",false
wildharefarm,Da4CqFbRQfl,https://www.instagram.com/p/Da4CqFbRQfl/,2026-07-17,"Thank you! Coach!",false
fulltilth,Da4CqFbRQfl,https://www.instagram.com/p/Da4CqFbRQfl/,2026-07-17,"Coach",false
moonriverfarmers,Da4CqFbRQfl,https://www.instagram.com/p/Da4CqFbRQfl/,2026-07-17,"Coach",false
birdtreeurbanfarm,Da4CqFbRQfl,https://www.instagram.com/p/Da4CqFbRQfl/,2026-07-17,"Coach",false
flycatcherfarmflowers,Da4CqFbRQfl,https://www.instagram.com/p/Da4CqFbRQfl/,2026-07-17,"Coach",false
lorigfarming,Da4CqFbRQfl,https://www.instagram.com/p/Da4CqFbRQfl/,2026-07-17,"COACH",false
dreamdirtflorals,Da4CqFbRQfl,https://www.instagram.com/p/Da4CqFbRQfl/,2026-07-17,"COACH",false
edibleearthfarm_robveinott,Da4CqFbRQfl,https://www.instagram.com/p/Da4CqFbRQfl/,2026-07-17,"Coach",false
farmawola,Da4CqFbRQfl,https://www.instagram.com/p/Da4CqFbRQfl/,2026-07-17,"Coach",false
williamsw10,Da4CqFbRQfl,https://www.instagram.com/p/Da4CqFbRQfl/,2026-07-17,"Coach",false
valleyfreshfarm,Da3eb6LBJtJ,https://www.instagram.com/p/Da3eb6LBJtJ/,2026-07-16,"Coach",false
urbanpepperproject,Day596iRt3M,https://www.instagram.com/p/Day596iRt3M/,2026-07-15,"coach for the ec meter name",false
mmackenzie44,Day596iRt3M,https://www.instagram.com/p/Day596iRt3M/,2026-07-15,"Coach",false
happyfarmingpty,Day596iRt3M,https://www.instagram.com/p/Day596iRt3M/,2026-07-15,"Coach",false
chaturansh,Day596iRt3M,https://www.instagram.com/p/Day596iRt3M/,2026-07-15,"Coach",false
this_abbie,Day596iRt3M,https://www.instagram.com/p/Day596iRt3M/,2026-07-15,"Coach",false
8morerows,Day596iRt3M,https://www.instagram.com/p/Day596iRt3M/,2026-07-15,"Coach",false
tuiskulafarm,Day596iRt3M,https://www.instagram.com/p/Day596iRt3M/,2026-07-15,"COACH!",false
pinetreeranger89,Day596iRt3M,https://www.instagram.com/p/Day596iRt3M/,2026-07-15,"COACH",false
luc.vandooren.90,Day596iRt3M,https://www.instagram.com/p/Day596iRt3M/,2026-07-15,"COACH",false
bluelab_official,Day596iRt3M,https://www.instagram.com/p/Day596iRt3M/,2026-07-15,"COACH",false
valleyfreshfarm,DayODIrBvPo,https://www.instagram.com/p/DayODIrBvPo/,2026-07-14,"Coach",false
lamilpafarm,DayODIrBvPo,https://www.instagram.com/p/DayODIrBvPo/,2026-07-14,"Coach",false
seedoflifefarm,DayODIrBvPo,https://www.instagram.com/p/DayODIrBvPo/,2026-07-14,"Coach",false
amysacrefarm,DayODIrBvPo,https://www.instagram.com/p/DayODIrBvPo/,2026-07-14,"Coach",false
sienet1,DayODIrBvPo,https://www.instagram.com/p/DayODIrBvPo/,2026-07-14,"Coach",false
macsmart3,DayODIrBvPo,https://www.instagram.com/p/DayODIrBvPo/,2026-07-14,"Coach",false
apfarm21037,DawXftPRNSW,https://www.instagram.com/p/DawXftPRNSW/,2026-07-14,"Coach",false
