username,account,post_url,post_date,comment
sierrarossricher,orisha_auto,https://www.instagram.com/p/DbqfzvLOQWQ/,2026-08-05,Coach
lhoxu1,orisha_auto,https://www.instagram.com/p/DbmZr_-Ra0I/,2026-08-04,Coach
shedlight315,orisha_auto,https://www.instagram.com/p/DbmZr_-Ra0I/,2026-08-04,Coach
the_veggie_patch_portumna,orisha_auto,https://www.instagram.com/p/DbmZr_-Ra0I/,2026-08-04,Coach
takenbylovely,orisha_auto,https://www.instagram.com/p/DbmZr_-Ra0I/,2026-08-04,Coach
rachwithin,orisha_auto,https://www.instagram.com/p/DbmZr_-Ra0I/,2026-08-04,Coach
emmoh73,orisha_auto,https://www.instagram.com/p/DbmZr_-Ra0I/,2026-08-04,Coach
a_mannir7,orisha_auto,https://www.instagram.com/p/DbmZr_-Ra0I/,2026-08-04,Coach
turtlerockholistic,orisha_auto,https://www.instagram.com/p/DbhOARlK8dT/,2026-08-02,Coach!
marcogworld,orisha_auto,https://www.instagram.com/p/DbhOARlK8dT/,2026-08-02,coach
wandering_farmer,orisha_auto,https://www.instagram.com/p/DbhOARlK8dT/,2026-08-02,COACH
folklifefarm,orisha_auto,https://www.instagram.com/p/DbhOARlK8dT/,2026-08-02,Coach
greatto_farm,orisha_auto,https://www.instagram.com/p/DbhOARlK8dT/,2026-08-02,Coach
femcharifarms,orisha_auto,https://www.instagram.com/p/DbL-uK2K9YP/,2026-07-24,Coach
jjted21,orisha_auto,https://www.instagram.com/p/DbHgAK6xRim/,2026-07-23,Coach
kitchengardensmv,orisha_auto,https://www.instagram.com/p/DbHgAK6xRim/,2026-07-23,coach
millje01212,orisha_auto,https://www.instagram.com/p/DbHgAK6xRim/,2026-07-23,Coach
harrison_market,orisha_auto,https://www.instagram.com/p/DbCdLlfxFY8/,2026-07-21,coach
twig_and_branch_gardens,orisha_auto,https://www.instagram.com/p/DbCdLlfxFY8/,2026-07-21,Coach
henrysfamilyfarm,orisha_auto,https://www.instagram.com/p/Da9O6GeRvj7/,2026-07-19,Coach
peacefulharvestfarm,orisha_auto,https://www.instagram.com/p/Da9O6GeRvj7/,2026-07-19,Coach
rigbeat,orisha_auto,https://www.instagram.com/p/Da9O6GeRvj7/,2026-07-19,Coach
green_fingered_jim,orisha_auto,https://www.instagram.com/p/Da9O6GeRvj7/,2026-07-19,Coach
real.fitness.results,orisha_auto,https://www.instagram.com/p/Da9O6GeRvj7/,2026-07-19,Coach
