username,post_code,post_date
this_abbie,Da9O6GeRvj7,2026-07-19
kamitrushaw,Da9O6GeRvj7,2026-07-19
farmoremerry,Da4CqFbRQfl,2026-07-17
flat_tack_farm,Da4CqFbRQfl,2026-07-17
amheld78,Da4CqFbRQfl,2026-07-17
alexihino,Da4CqFbRQfl,2026-07-17
exzokus,Da4CqFbRQfl,2026-07-17
sauerwei,Da4CqFbRQfl,2026-07-17
agbai_abigail,Da4CqFbRQfl,2026-07-17
biohof_gschwendt,Da4CqFbRQfl,2026-07-17
macsmart3,Da4CqFbRQfl,2026-07-17
dr.scientist_official,Da4CqFbRQfl,2026-07-17
southgorillaarmy,Da4CqFbRQfl,2026-07-17
wildharefarm,Da4CqFbRQfl,2026-07-17
flycatcherfarmflowers,Da4CqFbRQfl,2026-07-17
fulltilth,Da4CqFbRQfl,2026-07-17
moonriverfarmers,Da4CqFbRQfl,2026-07-17
birdtreeurbanfarm,Da4CqFbRQfl,2026-07-17
lorigfarming,Da4CqFbRQfl,2026-07-17
williamsw10,Da4CqFbRQfl,2026-07-17
edibleearthfarm_robveinott,Da4CqFbRQfl,2026-07-17
farmawola,Da4CqFbRQfl,2026-07-17
dreamdirtflorals,Da4CqFbRQfl,2026-07-17
urbanpepperproject,Day596iRt3M,2026-07-15
happyfarmingpty,Day596iRt3M,2026-07-15
chaturansh,Day596iRt3M,2026-07-15
this_abbie,Day596iRt3M,2026-07-15
8morerows,Day596iRt3M,2026-07-15
tuiskulafarm,Day596iRt3M,2026-07-15
pinetreeranger89,Day596iRt3M,2026-07-15
luc.vandooren.90,Day596iRt3M,2026-07-15
bluelab_official,Day596iRt3M,2026-07-15
lamilpafarm,DayODIrBvPo,2026-07-14
amysacrefarm,DayODIrBvPo,2026-07-14
seedoflifefarm,DayODIrBvPo,2026-07-14
sienet1,DayODIrBvPo,2026-07-14
macsmart3,DayODIrBvPo,2026-07-14
apfarm21037,DawXftPRNSW,2026-07-14
seedsfarm,Dau-T4iBI86,2026-07-13
dr.scientist_official,DatVNvhRDOQ,2026-07-12
_curly.sun,DatVNvhRDOQ,2026-07-12
foriegn_106,DatVNvhRDOQ,2026-07-12
thefirelightfarm,DaqnDStKgQt,2026-07-11
padswood_farm,DaqnDStKgQt,2026-07-11
pranavedafarm,DaqnDStKgQt,2026-07-11
aupnnr,DaqnDStKgQt,2026-07-11
jozyjo,DaqnDStKgQt,2026-07-11
trishldrummond,DaqnDStKgQt,2026-07-11
nourishedroots.marketgarden,DaqnDStKgQt,2026-07-11
alexislegere,DaqnDStKgQt,2026-07-11
ateam801015,DaqnDStKgQt,2026-07-11
seeusgrowthings,DaqnDStKgQt,2026-07-11
springtailfarm,DaqnDStKgQt,2026-07-11
ruthpysk,DaqnDStKgQt,2026-07-11
hollarei,DaqnDStKgQt,2026-07-11
endrjubg,DaqnDStKgQt,2026-07-11
lizalovesgardening,DaqnDStKgQt,2026-07-11
manish.biodiversity,DaqnDStKgQt,2026-07-11
juanettehewitt,DaqnDStKgQt,2026-07-11
flyingcoyotefarm,DaqnDStKgQt,2026-07-11
abdok._,DaqnDStKgQt,2026-07-11
meimei_robbins,DaqnDStKgQt,2026-07-11
seededearthfarm,DaqnDStKgQt,2026-07-11
drys.nu,DaqnDStKgQt,2026-07-11
this_abbie,DaqnDStKgQt,2026-07-11
rootstoriverfarm,DaqnDStKgQt,2026-07-11
ruitex75,DaqnDStKgQt,2026-07-11
rightonjehosseefarm,DaqnDStKgQt,2026-07-11
daniela44236,DaqnDStKgQt,2026-07-11
midheavengarden,DaqnDStKgQt,2026-07-11
itsgivingfarm,DaqnDStKgQt,2026-07-11
hollarei,DaqnDStKgQt,2026-07-11
alexihino,DaoMwQXxJMH,2026-07-10
viictor_benitez,DaoMwQXxJMH,2026-07-10
oaksidefarms,Danwz4zOvGB,2026-07-10
10thstreetfarm,Danwz4zOvGB,2026-07-10
racingheartfarm,Danwz4zOvGB,2026-07-10
blueheronfarmstead,Danwz4zOvGB,2026-07-10
bosleypatch,Danwz4zOvGB,2026-07-10
dhivehi_raahjje,Danwz4zOvGB,2026-07-10
craay_daddy,Danwz4zOvGB,2026-07-10
waihenya820,Danwz4zOvGB,2026-07-10
valleyfreshfarm,Danwz4zOvGB,2026-07-10
wtfarm.maine,Danwz4zOvGB,2026-07-10
kirsti_oldmillroad,Danwz4zOvGB,2026-07-10
ervinshametaj,Danwz4zOvGB,2026-07-10
lindseydupreez,Danwz4zOvGB,2026-07-10
maytallahassee,Danwz4zOvGB,2026-07-10
stichtinglanddrift,Danwz4zOvGB,2026-07-10
elborde_chile,Danwz4zOvGB,2026-07-10
artemisiagardens,Danwz4zOvGB,2026-07-10
djnan_kaizen,Danwz4zOvGB,2026-07-10
camas_swale_farmer,Danwz4zOvGB,2026-07-10
feedmetomatoesfarm,Danwz4zOvGB,2026-07-10
auroradelcamp,DaiXNzpOIvu,2026-07-08
buckhillfarmnj,DafoN2HO2q8,2026-07-07
hammersly.andelsgaarde,DafoN2HO2q8,2026-07-07
tunuck,DafoN2HO2q8,2026-07-07
akhil.amarthaluru,DafoN2HO2q8,2026-07-07
cedarcratefarm,DadPtVyOZ4a,2026-07-06
unser.bauerngarten,DadPtVyOZ4a,2026-07-06
greenbridgegrowers,DaYgH-uxej7,2026-07-04
abundantacresns,DaWKt6TqOg8,2026-07-03
vegheadfarm,DaLXvwgOosC,2026-06-29
lucasrandallowens,DaLXvwgOosC,2026-06-29
theloneimbiber,DaLXvwgOosC,2026-06-29
engr._rilwan_,DaLXvwgOosC,2026-06-29
pigandleaf,DaLXvwgOosC,2026-06-29
fountainfarm207,DZ5ccK-hYFx,2026-06-22
collinapiccolinafarm,DZ5ccK-hYFx,2026-06-22
ahmettugrulokur,DZ5ccK-hYFx,2026-06-22
dhivehi_raahjje,DZxWqEpO47J,2026-06-19
elzebresler,DZsG_oXOZw0,2026-06-17
esev_limon,DZsG_oXOZw0,2026-06-17
hallbrookfarmmaine,DZsG_oXOZw0,2026-06-17
lambrechto,DZqB_iaxoSb,2026-06-16
flourishproduce,DZqB_iaxoSb,2026-06-16
tomatofreedom,DZqB_iaxoSb,2026-06-16
garden_smith,DZnrDoQKWsS,2026-06-15
terrefertile961,DZnrDoQKWsS,2026-06-15
frankainok,DZiEnszxHmL,2026-06-13
barndogflowerfarm,DZiEnszxHmL,2026-06-13
salty_joe_24,DZiEnszxHmL,2026-06-13
hawper,DZd_0NoRzrk,2026-06-12
tenbluebirdacres,DZd_0NoRzrk,2026-06-12
javierhuertero,DZd_0NoRzrk,2026-06-12
arrowhead_urban_farms,DZd_0NoRzrk,2026-06-12
rootdownacresbend,DZd_0NoRzrk,2026-06-12
communitas_farm,DZbbol_xVpd,2026-06-11
charity_enchanted,DZbbol_xVpd,2026-06-11
strawberrylaneproduce,DZc1ZNguh35,2026-06-11
sienet1,DZU56IiOGWD,2026-06-08
clarkstonfarm,DZU56IiOGWD,2026-06-08
racingheartfarm,DZVnchpKVi7,2026-06-08
tunuck,DZVnchpKVi7,2026-06-08
flourishproduce,DZVnchpKVi7,2026-06-08
paul.neufeld,DZVnchpKVi7,2026-06-08
swallowtail_farm_mi,DZVnchpKVi7,2026-06-08
dirtventures,DZVnchpKVi7,2026-06-08
finnandmollysdad,DZVnchpKVi7,2026-06-08
elzebresler,DZQ7eWSRyFR,2026-06-07
jembefarms,DZQ7eWSRyFR,2026-06-07
die.sonnengaertnerei,DZQ7eWSRyFR,2026-06-07
tjdsc_,DZQ7eWSRyFR,2026-06-07
meimei_robbins,DZQ7eWSRyFR,2026-06-07
huertolapiramide,DZQ7eWSRyFR,2026-06-07
abewgates,DZQ7eWSRyFR,2026-06-07
toma_papp,DZQ7eWSRyFR,2026-06-07
b.mehera,DZQ7eWSRyFR,2026-06-07
pellerino,DZQ7eWSRyFR,2026-06-07
lonirosa__flowers,DZQ7eWSRyFR,2026-06-07
sunshineharvestza,DZQ7eWSRyFR,2026-06-07
celia_bell_pics,DZQ7eWSRyFR,2026-06-07
hausenothouse,DZQ7eWSRyFR,2026-06-07
davidwashburn99,DZNI1btuaW5,2026-06-05
jeffreymichaelo,DZNy3LYqmtm,2026-06-05
ourfields,DZNy3LYqmtm,2026-06-05
rr_farmland,DZNy3LYqmtm,2026-06-05
judeallen2020,DZNy3LYqmtm,2026-06-05
bsp_farm,DZNy3LYqmtm,2026-06-05
rootdownacresbend,DZNy3LYqmtm,2026-06-05
tea.twin,DZJbmRaR-c6,2026-06-04
raise.cultiva,DZJbmRaR-c6,2026-06-04
nomadadventurelife,DZJbmRaR-c6,2026-06-04
roottorisefarmer,DZJbmRaR-c6,2026-06-04
jeffreymichaelo,DZJbmRaR-c6,2026-06-04
ikigai.vegetables,DZJbmRaR-c6,2026-06-04
melaniest3wart,DZJbmRaR-c6,2026-06-04
baltichomesteaders,DZJbmRaR-c6,2026-06-04
tullyveery_market_garden,DZJbmRaR-c6,2026-06-04
huertocuatroestaciones,DZJbmRaR-c6,2026-06-04
el__boyo,DZJbmRaR-c6,2026-06-04
goodseoulsfarm,DZJbmRaR-c6,2026-06-04
livingsowful,DZJbmRaR-c6,2026-06-04
thejogoman,DZJbmRaR-c6,2026-06-04
marianamicaelapr,DZJbmRaR-c6,2026-06-04
k.c.bones,DZJbmRaR-c6,2026-06-04
houston_farm,DZJbmRaR-c6,2026-06-04
ave33farm,DZJbmRaR-c6,2026-06-04
mybyson,DZJbmRaR-c6,2026-06-04
suncirclefarm_ak,DZJbmRaR-c6,2026-06-04
d_raq,DZJbmRaR-c6,2026-06-04
boisdeleppo,DZJbmRaR-c6,2026-06-04
erdemkrgz,DZJbmRaR-c6,2026-06-04
dankelley9308,DZJbmRaR-c6,2026-06-04
kourtonthekob,DZJbmRaR-c6,2026-06-04
ematurinek,DZJbmRaR-c6,2026-06-04
circle.superlokales.gemuese,DZJbmRaR-c6,2026-06-04
earthlorefarm,DZJbmRaR-c6,2026-06-04
lolouise46,DZJbmRaR-c6,2026-06-04
trishldrummond,DZJbmRaR-c6,2026-06-04
rudebotanical,DZJbmRaR-c6,2026-06-04
betherweissjewelry,DZJbmRaR-c6,2026-06-04
ris_s,DZJbmRaR-c6,2026-06-04
frontieressfarm,DZJbmRaR-c6,2026-06-04
feedmetomatoesfarm,DZJbmRaR-c6,2026-06-04
lizardvance,DZJbmRaR-c6,2026-06-04
ramliana_cj,DZJbmRaR-c6,2026-06-04
tunuck,DZJbmRaR-c6,2026-06-04
wishingpolefarm,DZJbmRaR-c6,2026-06-04
pmlrsn,DZJbmRaR-c6,2026-06-04
moonrivercsa,DZJbmRaR-c6,2026-06-04
liliasanne,DZJbmRaR-c6,2026-06-04
jerrasgarden,DZJbmRaR-c6,2026-06-04
sunsoulseaheart,DZJbmRaR-c6,2026-06-04
i_am_sirkay,DZJbmRaR-c6,2026-06-04
katwa790,DZJbmRaR-c6,2026-06-04
boundlessfarmstead,DZJbmRaR-c6,2026-06-04
batiz.marilyn,DZJbmRaR-c6,2026-06-04
mulberrymoonfarm,DZJbmRaR-c6,2026-06-04
garden_smith,DZJbmRaR-c6,2026-06-04
ethan.grows.things,DZJbmRaR-c6,2026-06-04
natewmillheim,DZJbmRaR-c6,2026-06-04
microledon_farm,DZJbmRaR-c6,2026-06-04
harpethmoonfarm,DZJbmRaR-c6,2026-06-04
flyingcoyotefarm,DZJbmRaR-c6,2026-06-04
shieldsben,DZJbmRaR-c6,2026-06-04
bascomroadblueberryfarm,DZJbmRaR-c6,2026-06-04
thelittledonutfactory,DZJbmRaR-c6,2026-06-04
bydispositionofangels,DZJbmRaR-c6,2026-06-04
maryacfallon,DZJbmRaR-c6,2026-06-04
davisamericanduroc,DZJbmRaR-c6,2026-06-04
sc_bakeroom,DZJbmRaR-c6,2026-06-04
kriskreativ,DZJbmRaR-c6,2026-06-04
buckhillfarmnj,DZJbmRaR-c6,2026-06-04
happyhollowfarm,DZJbmRaR-c6,2026-06-04
highmeadowsfarm,DZJbmRaR-c6,2026-06-04
chucho0102,DY3LT1bRWGb,2026-05-28
nomadadventurelife,DYlQN16x7_q,2026-05-21
pollinatefarm,DYlQN16x7_q,2026-05-21
